{
    "event": [
        100.0,
        124.25,
        148.55,
        172.85,
        197.15,
        221.45,
        245.75,
        270.05,
        294.35,
        318.65,
        342.95,
        367.25,
        391.55,
        415.85,
        440.15,
        464.45,
        488.75,
        513.05,
        537.35,
        561.6,
        585.9,
        610.2,
        634.5,
        658.8,
        683.1,
        707.4,
        731.7,
        756.0,
        780.3,
        804.6,
        828.9,
        853.2,
        877.5,
        901.8,
        926.1,
        950.4,
        974.7,
        999.0,
        1023.25,
        1047.55,
        1071.85,
        1096.15,
        1120.45,
        1144.75,
        1169.05,
        1193.35,
        1217.65,
        1241.95,
        1266.25,
        1290.55,
        1314.85,
        1339.15,
        1363.45,
        1387.75,
        1412.05,
        1436.35,
        1460.6,
        1484.9,
        1509.2,
        1533.5,
        1557.8,
        1582.1,
        1606.4,
        1630.7,
        1655.0,
        1679.3,
        1703.6,
        1727.9,
        1752.2,
        1776.5,
        1800.8,
        1825.1,
        1849.4,
        1873.7,
        1898.0
    ],
    "lever1": [
        153.58444599747625,
        251.92420337943963,
        277.7657028123105,
        297.69582067769477,
        323.90649461099565,
        350.31668679812174,
        395.80849864479063,
        495.33611483588106,
        516.064934624731,
        542.8356038481928,
        591.6272153822337,
        663.0025721494321,
        736.4665809479094,
        759.2641654816139,
        784.8924198244904,
        812.2508476211608,
        834.1935417606718,
        858.6493313115957,
        883.5984882027452,
        930.1550018679778,
        955.8987112664488,
        1004.0563978632694,
        1099.2621899502583,
        1200.2140772662215,
        1220.9376603069452,
        1248.3153633932432,
        1271.254952228119,
        1346.9166053506253,
        1368.4400054786963,
        1392.8609200681076,
        1415.8163383382014,
        1439.6197841631736,
        1513.1054138675852,
        1538.835676401195,
        1614.179937402619,
        1733.3571086037723,
        1756.3720719872845,
        1779.629668521073,
        1828.392983849802,
        1855.7187622074966,
        1881.549394653852
    ],
    "lever2": [
        107.44309951782188,
        129.12298927267724,
        176.09360230478524,
        201.14928899206365,
        372.1754235091665,
        443.96309313215573,
        471.7033062370861,
        568.7535413128536,
        615.1689050387301,
        639.3095499915316,
        979.7830340038304,
        1028.0244728278085,
        1152.137409943322,
        1174.0855076371972,
        1296.5178648152591,
        1562.4102144015515,
        1634.0391594826033,
        1660.9783763324285,
        1684.7532191295775,
        1707.4194283260638,
        1808.2702947617404
    ],
    "loud_noise": [
        109.14202878361415,
        130.65441683214283,
        373.4251458274191,
        570.0156972315256,
        616.308014478216,
        640.5872797008669,
        1153.5007178603942,
        1175.5050680368618,
        1635.766289780003,
        1686.30734150492,
        1708.9030170213662,
        1810.0032531901556
    ],
    "no_loud_noise": [
        177.56438513245726,
        202.1654791493989,
        445.5498757374001,
        472.94699296657575,
        981.287605239195,
        1029.6263386483363,
        1298.201819112996,
        1563.9383359837775,
        1662.7728079772007
    ]
}